,nama_kab,nama_kec,nama_desa,Tanggal Pelaksanaan,Status,kode_prov,nama_provinsi,kode_kab,kode_kec,kdwilayah
0,BATANG,BANDAR,PUCANGGADING,29/05/2022,Sudah,33,JAWA TENGAH,3325,3325020,3325020013
1,BATANG,BANDAR,SIDAYU,29/05/2022,Sudah,33,JAWA TENGAH,3325,3325020,3325020005
2,BATANG,BANDAR,CANDI,29/05/2022,Sudah,33,JAWA TENGAH,3325,3325020,3325020012
3,BATANG,BANYUPUTIH,BANARAN,29/05/2022,Sudah,33,JAWA TENGAH,3325,3325081,3325081007
4,BATANG,BATANG,CEPOKOKUNING,29/05/2022,Sudah,33,JAWA TENGAH,3325,3325110,3325110002
5,BATANG,BATANG,KALIPUCANG KULON,29/05/2022,Sudah,33,JAWA TENGAH,3325,3325110,3325110015
6,BATANG,BAWANG,JAMBANGAN,29/05/2022,Sudah,33,JAWA TENGAH,3325,3325050,3325050004
7,BATANG,BAWANG,PRANTEN,29/05/2022,Sudah,33,JAWA TENGAH,3325,3325050,3325050001
8,BATANG,BAWANG,SOKA,29/05/2022,Sudah,33,JAWA TENGAH,3325,3325050,3325050015
9,BATANG,BAWANG,WONOSARI,29/05/2022,Sudah,33,JAWA TENGAH,3325,3325050,3325050008
10,BATANG,BLADO,GERLANG,29/05/2022,Sudah,33,JAWA TENGAH,3325,3325030,3325030001
11,BATANG,BLADO,KALITENGAH,29/05/2022,Sudah,33,JAWA TENGAH,3325,3325030,3325030002
12,BATANG,BLADO,KAMBANGAN,29/05/2022,Sudah,33,JAWA TENGAH,3325,3325030,3325030013
13,BATANG,GRINGSING,KRENGSENG,29/05/2022,Sudah,33,JAWA TENGAH,3325,3325070,3325070012
14,BATANG,GRINGSING,LEBO,29/05/2022,Sudah,33,JAWA TENGAH,3325,3325070,3325070011
15,BATANG,LIMPUNG,SEMPU,29/05/2022,Sudah,33,JAWA TENGAH,3325,3325080,3325080009
16,BATANG,LIMPUNG,ROWOSARI,29/05/2022,Sudah,33,JAWA TENGAH,3325,3325080,3325080016
17,BATANG,LIMPUNG,TEMBOK,29/05/2022,Sudah,33,JAWA TENGAH,3325,3325080,3325080003
18,BATANG,PECALUNGAN,SIGUCI,29/05/2022,Sudah,33,JAWA TENGAH,3325,3325091,3325091002
19,BATANG,REBAN,KUMESU,29/05/2022,Sudah,33,JAWA TENGAH,3325,3325040,3325040009
20,BATANG,REBAN,SEMAMPIR,29/05/2022,Sudah,33,JAWA TENGAH,3325,3325040,3325040012
21,BATANG,SUBAH,GONDANG,29/05/2022,Sudah,33,JAWA TENGAH,3325,3325090,3325090023
22,BATANG,SUBAH,SENGON,29/05/2022,Sudah,33,JAWA TENGAH,3325,3325090,3325090021
23,BATANG,TERSONO,WANAR,29/05/2022,Sudah,33,JAWA TENGAH,3325,3325060,3325060005
24,BATANG,TULIS,POSONG,29/05/2022,Sudah,33,JAWA TENGAH,3325,3325100,3325100007
25,BATANG,WARUNGASEM,GAPURO,29/05/2022,Sudah,33,JAWA TENGAH,3325,3325120,3325120011
26,BATANG,WARUNGASEM,KALIBELUK,29/05/2022,Sudah,33,JAWA TENGAH,3325,3325120,3325120012
27,BATANG,WARUNGASEM,SIDOREJO,29/05/2022,Sudah,33,JAWA TENGAH,3325,3325120,3325120006
28,BATANG,WARUNGASEM,WARUNGASEM,29/05/2022,Sudah,33,JAWA TENGAH,3325,3325120,3325120010
29,BATANG,WONOTUNGGAL,GRINGGINGSARI,29/05/2022,Sudah,33,JAWA TENGAH,3325,3325010,3325010003
30,BATANG,WONOTUNGGAL,SENDANG,29/05/2022,Sudah,33,JAWA TENGAH,3325,3325010,3325010005
31,BATANG,WONOTUNGGAL,SIGAYAM,29/05/2022,Sudah,33,JAWA TENGAH,3325,3325010,3325010011
32,BREBES,BANJARHARJO,PAREREJA,18/05/2022,Sudah,33,JAWA TENGAH,3329,3329090,3329090010
33,BREBES,BANTARKAWUNG,BANTARWARU,18/05/2022,Sudah,33,JAWA TENGAH,3329,3329020,3329020015
34,BREBES,BANTARKAWUNG,JIPANG,18/05/2022,Sudah,33,JAWA TENGAH,3329,3329020,3329020012
35,BREBES,BANTARKAWUNG,KARANGPARI,18/05/2022,Sudah,33,JAWA TENGAH,3329,3329020,3329020005
36,BREBES,BANTARKAWUNG,PENGARASAN,18/05/2022,Sudah,33,JAWA TENGAH,3329,3329020,3329020017
37,BREBES,BANTARKAWUNG,TELAGA,18/05/2022,Sudah,33,JAWA TENGAH,3329,3329020,3329020004
38,BREBES,BANTARKAWUNG,TERLAYA,18/05/2022,Sudah,33,JAWA TENGAH,3329,3329020,3329020011
39,BREBES,BANTARKAWUNG,WARU,18/05/2022,Sudah,33,JAWA TENGAH,3329,3329020,3329020006
40,BREBES,BREBES,KALIMATI,18/05/2022,Sudah,33,JAWA TENGAH,3329,3329170,3329170002
41,BREBES,BREBES,LEMBARAWA,18/05/2022,Sudah,33,JAWA TENGAH,3329,3329170,3329170003
42,BREBES,BREBES,TENGKI,18/05/2022,Sudah,33,JAWA TENGAH,3329,3329170,3329170022
43,BREBES,BREBES,WANGANDALEM,18/05/2022,Sudah,33,JAWA TENGAH,3329,3329170,3329170006
44,BREBES,BULAKAMBA,BANGSRI,18/05/2022,Sudah,33,JAWA TENGAH,3329,3329130,3329130009
45,BREBES,BULAKAMBA,CIPELEM,18/05/2022,Sudah,33,JAWA TENGAH,3329,3329130,3329130005
46,BREBES,BULAKAMBA,LUWUNGRAGI,18/05/2022,Sudah,33,JAWA TENGAH,3329,3329130,3329130008
47,BREBES,BULAKAMBA,RANCAWULUH,18/05/2022,Sudah,33,JAWA TENGAH,3329,3329130,3329130010
48,BREBES,BUMIAYU,ADISANA,18/05/2022,Sudah,33,JAWA TENGAH,3329,3329030,3329030007
49,BREBES,BUMIAYU,KALIWADAS,18/05/2022,Sudah,33,JAWA TENGAH,3329,3329030,3329030011
50,BREBES,BUMIAYU,PENGGARUTAN,18/05/2022,Sudah,33,JAWA TENGAH,3329,3329030,3329030008
51,BREBES,JATIBARANG,JANEGARA,18/05/2022,Sudah,33,JAWA TENGAH,3329,3329160,3329160011
52,BREBES,JATIBARANG,KEMIRIAMBA,18/05/2022,Sudah,33,JAWA TENGAH,3329,3329160,3329160004
53,BREBES,KERSANA,KRADENAN,18/05/2022,Sudah,33,JAWA TENGAH,3329,3329120,3329120001
54,BREBES,KETANGGUNGAN,CIDUWET,18/05/2022,Sudah,33,JAWA TENGAH,3329,3329080,3329080021
55,BREBES,KETANGGUNGAN,CIKEUSAL KIDUL,18/05/2022,Sudah,33,JAWA TENGAH,3329,3329080,3329080005
56,BREBES,KETANGGUNGAN,JEMASIH,18/05/2022,Sudah,33,JAWA TENGAH,3329,3329080,3329080001
57,BREBES,LARANGAN,PAMULIHAN,18/05/2022,Sudah,33,JAWA TENGAH,3329,3329070,3329070003
58,BREBES,LARANGAN,RENGASPENDAWA,18/05/2022,Sudah,33,JAWA TENGAH,3329,3329070,3329070011
59,BREBES,LARANGAN,SLATRI,18/05/2022,Sudah,33,JAWA TENGAH,3329,3329070,3329070008
60,BREBES,LARANGAN,WLAHAR,18/05/2022,Sudah,33,JAWA TENGAH,3329,3329070,3329070002
61,BREBES,LOSARI,BOJONGSARI,18/05/2022,Sudah,33,JAWA TENGAH,3329,3329100,3329100005
62,BREBES,LOSARI,LOSARI LOR,18/05/2022,Sudah,33,JAWA TENGAH,3329,3329100,3329100016
63,BREBES,LOSARI,SARIREJA,18/05/2022,Sudah,,,,,
64,BREBES,PAGUYANGAN,CILIBUR,18/05/2022,Sudah,33,JAWA TENGAH,3329,3329040,3329040010
65,BREBES,SALEM,BENTARSARI,18/05/2022,Sudah,33,JAWA TENGAH,3329,3329010,3329010012
66,BREBES,SIRAMPOG,BUNIWAH,18/05/2022,Sudah,33,JAWA TENGAH,3329,3329050,3329050013
67,BREBES,SIRAMPOG,IGIRKLANCENG,18/05/2022,Sudah,33,JAWA TENGAH,3329,3329050,3329050002
68,BREBES,SIRAMPOG,MENDALA,18/05/2022,Sudah,33,JAWA TENGAH,3329,3329050,3329050012
69,BREBES,TONJONG,LINGGAPURA,18/05/2022,Sudah,33,JAWA TENGAH,3329,3329060,3329060007
70,BREBES,TONJONG,PURWODADI,18/05/2022,Sudah,33,JAWA TENGAH,3329,3329060,3329060010
71,BREBES,TONJONG,TANGGERAN,18/05/2022,Sudah,33,JAWA TENGAH,3329,3329060,3329060009
72,BREBES,WANASARI,SIASEM,18/05/2022,Sudah,33,JAWA TENGAH,3329,3329140,3329140012
73,BREBES,WANASARI,SIDAMULYA,18/05/2022,Sudah,33,JAWA TENGAH,3329,3329140,3329140010
74,BREBES,WANASARI,TANJUNGSARI,18/05/2022,Sudah,33,JAWA TENGAH,3329,3329140,3329140006
75,DEMAK,BONANG,BETAHWALANG,16/10/2022,Belum,33,JAWA TENGAH,3321,3321060,3321060016
76,DEMAK,BONANG,BONANGREJO,16/10/2022,Belum,33,JAWA TENGAH,3321,3321060,3321060012
77,DEMAK,BONANG,GEBANG,16/10/2022,Belum,33,JAWA TENGAH,3321,3321060,3321060003
78,DEMAK,BONANG,GEBANGARUM,16/10/2022,Belum,33,JAWA TENGAH,3321,3321060,3321060004
79,DEMAK,BONANG,JALI,16/10/2022,Belum,33,JAWA TENGAH,3321,3321060,3321060020
80,DEMAK,BONANG,JATIROGO,16/10/2022,Belum,33,JAWA TENGAH,3321,3321060,3321060013
81,DEMAK,BONANG,KRAJANBOGO,16/10/2022,Belum,33,JAWA TENGAH,3321,3321060,3321060007
82,DEMAK,BONANG,MORODEMAK,16/10/2022,Belum,33,JAWA TENGAH,3321,3321060,3321060001
83,DEMAK,BONANG,PONCOHARJO,16/10/2022,Belum,33,JAWA TENGAH,3321,3321060,3321060018
84,DEMAK,BONANG,PURWOREJO,16/10/2022,Belum,33,JAWA TENGAH,3321,3321060,3321060015
85,DEMAK,BONANG,SERANGAN,16/10/2022,Belum,33,JAWA TENGAH,3321,3321060,3321060017
86,DEMAK,BONANG,SUKODONO,16/10/2022,Belum,33,JAWA TENGAH,3321,3321060,3321060010
87,DEMAK,BONANG,WEDING,16/10/2022,Belum,33,JAWA TENGAH,3321,3321060,3321060021
88,DEMAK,DEMAK,BANGO,16/10/2022,Belum,33,JAWA TENGAH,3321,3321070,3321070012
89,DEMAK,DEMAK,BOLO,16/10/2022,Belum,33,JAWA TENGAH,3321,3321070,3321070011
90,DEMAK,DEMAK,CABEAN,16/10/2022,Belum,33,JAWA TENGAH,3321,3321070,3321070013
91,DEMAK,DEMAK,DONOROJO,16/10/2022,Belum,33,JAWA TENGAH,3321,3321070,3321070002
92,DEMAK,DEMAK,KARANGMLATI,16/10/2022,Belum,33,JAWA TENGAH,3321,3321070,3321070005
93,DEMAK,DEMAK,KATONSARI,16/10/2022,Belum,33,JAWA TENGAH,3321,3321070,3321070003
94,DEMAK,DEMAK,KEDONDONG,16/10/2022,Belum,33,JAWA TENGAH,3321,3321070,3321070017
95,DEMAK,DEMAK,MULYOREJO,16/10/2022,Belum,33,JAWA TENGAH,3321,3321070,3321070019
96,DEMAK,DEMAK,RAJI,16/10/2022,Belum,33,JAWA TENGAH,3321,3321070,3321070016
97,DEMAK,DEMAK,SEDO,16/10/2022,Belum,33,JAWA TENGAH,3321,3321070,3321070018
98,DEMAK,DEMAK,TEMPURAN,16/10/2022,Belum,33,JAWA TENGAH,3321,3321070,3321070014
99,DEMAK,DEMAK,TURIREJO,16/10/2022,Belum,33,JAWA TENGAH,3321,3321070,3321070015
100,DEMAK,DEMPET,BALEREJO,16/10/2022,Belum,33,JAWA TENGAH,3321,3321090,3321090022
101,DEMAK,DEMPET,BALEROMO,16/10/2022,Belum,33,JAWA TENGAH,3321,3321090,3321090018
102,DEMAK,DEMPET,BRAKAS,16/10/2022,Belum,33,JAWA TENGAH,3321,3321090,3321090021
103,DEMAK,DEMPET,GEMPOLDENOK,16/10/2022,Belum,33,JAWA TENGAH,3321,3321090,3321090024
104,DEMAK,DEMPET,KARANGREJO,16/10/2022,Belum,33,JAWA TENGAH,3321,3321090,3321090009
105,DEMAK,DEMPET,KEBONSARI,16/10/2022,Belum,33,JAWA TENGAH,3321,3321090,3321090025
106,DEMAK,DEMPET,KEDUNGORI,16/10/2022,Belum,33,JAWA TENGAH,3321,3321090,3321090026
107,DEMAK,DEMPET,KRAMAT,16/10/2022,Belum,33,JAWA TENGAH,3321,3321090,3321090029
108,DEMAK,DEMPET,KUNIR,16/10/2022,Belum,33,JAWA TENGAH,3321,3321090,3321090020
109,DEMAK,DEMPET,MERAK,16/10/2022,Belum,33,JAWA TENGAH,3321,3321090,3321090008
110,DEMAK,DEMPET,SIDOMULYO,16/10/2022,Belum,33,JAWA TENGAH,3321,3321090,3321090023
111,DEMAK,GAJAH,BANJARSARI,16/10/2022,Belum,33,JAWA TENGAH,3321,3321100,3321100011
112,DEMAK,GAJAH,BOYOLALI,16/10/2022,Belum,33,JAWA TENGAH,3321,3321100,3321100012
113,DEMAK,GAJAH,GAJAH,16/10/2022,Belum,33,JAWA TENGAH,3321,3321100,3321100013
114,DEMAK,GAJAH,GEDANGALAS,16/10/2022,Belum,33,JAWA TENGAH,3321,3321100,3321100004
115,DEMAK,GAJAH,JATISONO,16/10/2022,Belum,33,JAWA TENGAH,3321,3321100,3321100002
116,DEMAK,GAJAH,KEDONDONG,16/10/2022,Belum,33,JAWA TENGAH,3321,3321100,3321100003
117,DEMAK,GAJAH,MEDINI,16/10/2022,Belum,33,JAWA TENGAH,3321,3321100,3321100008
118,DEMAK,GAJAH,MLATIHARJO,16/10/2022,Belum,33,JAWA TENGAH,3321,3321100,3321100009
119,DEMAK,GAJAH,MLEKANG,16/10/2022,Belum,33,JAWA TENGAH,3321,3321100,3321100015
120,DEMAK,GAJAH,MOJOSIMO,16/10/2022,Belum,33,JAWA TENGAH,3321,3321100,3321100018
121,DEMAK,GAJAH,SAMBUNG,16/10/2022,Belum,33,JAWA TENGAH,3321,3321100,3321100016
122,DEMAK,GAJAH,SARI,16/10/2022,Belum,33,JAWA TENGAH,3321,3321100,3321100014
123,DEMAK,GAJAH,SURODADI,16/10/2022,Belum,33,JAWA TENGAH,3321,3321100,3321100001
124,DEMAK,GAJAH,TAMBIREJO,16/10/2022,Belum,33,JAWA TENGAH,3321,3321100,3321100010
125,DEMAK,GAJAH,TANJUNGANYAR,16/10/2022,Belum,33,JAWA TENGAH,3321,3321100,3321100006
126,DEMAK,GAJAH,TLOGOPANDOGAN,16/10/2022,Belum,33,JAWA TENGAH,3321,3321100,3321100017
127,DEMAK,GAJAH,WILALUNG,16/10/2022,Belum,33,JAWA TENGAH,3321,3321100,3321100007
128,DEMAK,GUNTUR,BAKALREJO,16/10/2022,Belum,33,JAWA TENGAH,3321,3321030,3321030018
129,DEMAK,GUNTUR,BANJAREJO,16/10/2022,Belum,33,JAWA TENGAH,3321,3321030,3321030001
130,DEMAK,GUNTUR,BOGOSARI,16/10/2022,Belum,33,JAWA TENGAH,3321,3321030,3321030005
131,DEMAK,GUNTUR,BUMIHARJO,16/10/2022,Belum,33,JAWA TENGAH,3321,3321030,3321030017
132,DEMAK,GUNTUR,SIDOKUMPUL,16/10/2022,Belum,33,JAWA TENGAH,3321,3321030,3321030008
133,DEMAK,GUNTUR,TANGKIS,16/10/2022,Belum,33,JAWA TENGAH,3321,3321030,3321030012
134,DEMAK,GUNTUR,TLOGOREJO,16/10/2022,Belum,33,JAWA TENGAH,3321,3321030,3321030016
135,DEMAK,GUNTUR,TLOGOWERU,16/10/2022,Belum,33,JAWA TENGAH,3321,3321030,3321030004
136,DEMAK,GUNTUR,TRIMULYO,16/10/2022,Belum,33,JAWA TENGAH,3321,3321030,3321030015
137,DEMAK,GUNTUR,TURITEMPEL,16/10/2022,Belum,33,JAWA TENGAH,3321,3321030,3321030019
138,DEMAK,GUNTUR,WONOREJO,16/10/2022,Belum,33,JAWA TENGAH,3321,3321030,3321030002
139,DEMAK,KARANGANYAR,CANGKRINGREMBANG,16/10/2022,Belum,33,JAWA TENGAH,3321,3321110,3321110004
140,DEMAK,KARANGANYAR,JATIREJO,16/10/2022,Belum,33,JAWA TENGAH,3321,3321110,3321110001
141,DEMAK,KARANGANYAR,KARANGANYAR,16/10/2022,Belum,33,JAWA TENGAH,3321,3321110,3321110012
142,DEMAK,KARANGANYAR,KEDUNGWARU KIDUL,16/10/2022,Belum,33,JAWA TENGAH,3321,3321110,3321110013
143,DEMAK,KARANGANYAR,KEDUNGWARU LOR,16/10/2022,Belum,33,JAWA TENGAH,3321,3321110,3321110014
144,DEMAK,KARANGANYAR,NGALURAN,16/10/2022,Belum,33,JAWA TENGAH,3321,3321110,3321110002
145,DEMAK,KARANGANYAR,NGEMPLAK WETAN,16/10/2022,Belum,,,,,
146,DEMAK,KARANGANYAR,TUGU LOR,16/10/2022,Belum,33,JAWA TENGAH,3321,3321110,3321110016
147,DEMAK,KARANGANYAR,TUWANG,16/10/2022,Belum,33,JAWA TENGAH,3321,3321110,3321110006
148,DEMAK,KARANGANYAR,UNDAAN KIDUL,16/10/2022,Belum,33,JAWA TENGAH,3321,3321110,3321110007
149,DEMAK,KARANGANYAR,UNDAAN LOR,16/10/2022,Belum,33,JAWA TENGAH,3321,3321110,3321110008
150,DEMAK,KARANGANYAR,WONOKETINGAL,16/10/2022,Belum,33,JAWA TENGAH,3321,3321110,3321110003
151,DEMAK,KARANGANYAR,WONOREJO,16/10/2022,Belum,33,JAWA TENGAH,3321,3321110,3321110011
152,DEMAK,KARANGAWEN,BUMIREJO,16/10/2022,Belum,33,JAWA TENGAH,3321,3321020,3321020009
153,DEMAK,KARANGAWEN,MARGOHAYU,16/10/2022,Belum,33,JAWA TENGAH,3321,3321020,3321020003
154,DEMAK,KARANGAWEN,PUNDENARUM,16/10/2022,Belum,33,JAWA TENGAH,3321,3321020,3321020012
155,DEMAK,KARANGAWEN,REJOSARI,16/10/2022,Belum,33,JAWA TENGAH,3321,3321020,3321020006
156,DEMAK,KARANGAWEN,SIDOREJO,16/10/2022,Belum,33,JAWA TENGAH,3321,3321020,3321020011
157,DEMAK,KARANGAWEN,TELUK,16/10/2022,Belum,33,JAWA TENGAH,3321,3321020,3321020005
158,DEMAK,KARANGAWEN,TLOGOREJO,16/10/2022,Belum,33,JAWA TENGAH,3321,3321020,3321020004
159,DEMAK,KARANGAWEN,WONOSEKAR,16/10/2022,Belum,33,JAWA TENGAH,3321,3321020,3321020002
160,DEMAK,KARANGTENGAH,DONOREJO,16/10/2022,Belum,33,JAWA TENGAH,3321,3321050,3321050004
161,DEMAK,KARANGTENGAH,DUKUN,16/10/2022,Belum,33,JAWA TENGAH,3321,3321050,3321050010
162,DEMAK,KARANGTENGAH,KARANGSARI,16/10/2022,Belum,33,JAWA TENGAH,3321,3321050,3321050008
163,DEMAK,KARANGTENGAH,KARANGTOWO,16/10/2022,Belum,33,JAWA TENGAH,3321,3321050,3321050009
164,DEMAK,KARANGTENGAH,KEDUNGUTER,16/10/2022,Belum,33,JAWA TENGAH,3321,3321050,3321050011
165,DEMAK,KARANGTENGAH,PIDODO,16/10/2022,Belum,33,JAWA TENGAH,3321,3321050,3321050003
166,DEMAK,KARANGTENGAH,PLOSO,16/10/2022,Belum,33,JAWA TENGAH,3321,3321050,3321050006
167,DEMAK,KARANGTENGAH,PULOSARI,16/10/2022,Belum,33,JAWA TENGAH,3321,3321050,3321050007
168,DEMAK,KARANGTENGAH,SAMPANG,16/10/2022,Belum,33,JAWA TENGAH,3321,3321050,3321050001
169,DEMAK,KARANGTENGAH,TAMBAKBULUSAN,16/10/2022,Belum,33,JAWA TENGAH,3321,3321050,3321050017
170,DEMAK,KARANGTENGAH,WONOKERTO,16/10/2022,Belum,33,JAWA TENGAH,3321,3321050,3321050013
171,DEMAK,KARANGTENGAH,WONOWOSO,16/10/2022,Belum,33,JAWA TENGAH,3321,3321050,3321050014
172,DEMAK,KEBONAGUNG,KEBONAGUNG,16/10/2022,Belum,33,JAWA TENGAH,3321,3321091,3321091002
173,DEMAK,KEBONAGUNG,KLAMPOK LOR,16/10/2022,Belum,33,JAWA TENGAH,3321,3321091,3321091004
174,DEMAK,KEBONAGUNG,MANGUNANLOR,16/10/2022,Belum,33,JAWA TENGAH,3321,3321091,3321091005
175,DEMAK,KEBONAGUNG,MEGONTEN,16/10/2022,Belum,33,JAWA TENGAH,3321,3321091,3321091009
176,DEMAK,KEBONAGUNG,MIJEN,16/10/2022,Belum,33,JAWA TENGAH,3321,3321091,3321091003
177,DEMAK,KEBONAGUNG,PILANGWETAN,16/10/2022,Belum,33,JAWA TENGAH,3321,3321091,3321091001
178,DEMAK,KEBONAGUNG,PRIGI,16/10/2022,Belum,33,JAWA TENGAH,3321,3321091,3321091012
179,DEMAK,KEBONAGUNG,SARIMULYO,16/10/2022,Belum,33,JAWA TENGAH,3321,3321091,3321091013
180,DEMAK,KEBONAGUNG,SOKOKIDUL,16/10/2022,Belum,33,JAWA TENGAH,3321,3321091,3321091010
181,DEMAK,KEBONAGUNG,SOLOWIRE,16/10/2022,Belum,33,JAWA TENGAH,3321,3321091,3321091014
182,DEMAK,KEBONAGUNG,TLOGOSIH,16/10/2022,Belum,33,JAWA TENGAH,3321,3321091,3321091011
183,DEMAK,MIJEN,BAKUNG,16/10/2022,Belum,33,JAWA TENGAH,3321,3321120,3321120005
184,DEMAK,MIJEN,BANTENGMATI,16/10/2022,Belum,33,JAWA TENGAH,3321,3321120,3321120001
185,DEMAK,MIJEN,BERMI,16/10/2022,Belum,,,,,
186,DEMAK,MIJEN,GEMPOLSONGO,16/10/2022,Belum,33,JAWA TENGAH,3321,3321120,3321120015
187,DEMAK,MIJEN,GENENG,16/10/2022,Belum,33,JAWA TENGAH,3321,3321120,3321120004
188,DEMAK,MIJEN,JLEPER,16/10/2022,Belum,33,JAWA TENGAH,3321,3321120,3321120012
189,DEMAK,MIJEN,NGEGOT,16/10/2022,Belum,33,JAWA TENGAH,3321,3321120,3321120011
190,DEMAK,MIJEN,NGELOKULON,16/10/2022,Belum,33,JAWA TENGAH,3321,3321120,3321120008
191,DEMAK,MIJEN,NGELOWETAN,16/10/2022,Belum,33,JAWA TENGAH,3321,3321120,3321120003
192,DEMAK,MIJEN,PASIR,16/10/2022,Belum,33,JAWA TENGAH,3321,3321120,3321120009
193,DEMAK,MIJEN,REJOSARI,16/10/2022,Belum,33,JAWA TENGAH,3321,3321120,3321120010
194,DEMAK,MIJEN,TANGGUL,16/10/2022,Belum,33,JAWA TENGAH,3321,3321120,3321120007
195,DEMAK,MRANGGEN,BANYUMENENG,16/10/2022,Belum,33,JAWA TENGAH,3321,3321010,3321010001
196,DEMAK,MRANGGEN,BRUMBUNG,16/10/2022,Belum,33,JAWA TENGAH,3321,3321010,3321010010
197,DEMAK,MRANGGEN,CANDISARI,16/10/2022,Belum,33,JAWA TENGAH,3321,3321010,3321010014
198,DEMAK,MRANGGEN,JAMUS,16/10/2022,Belum,33,JAWA TENGAH,3321,3321010,3321010018
199,DEMAK,MRANGGEN,KALITENGAH,16/10/2022,Belum,33,JAWA TENGAH,3321,3321010,3321010005
200,DEMAK,MRANGGEN,KANGKUNG,16/10/2022,Belum,33,JAWA TENGAH,3321,3321010,3321010004
201,DEMAK,MRANGGEN,KARANGSONO,16/10/2022,Belum,33,JAWA TENGAH,3321,3321010,3321010013
202,DEMAK,MRANGGEN,KEMBANGARUM,16/10/2022,Belum,33,JAWA TENGAH,3321,3321010,3321010006
203,DEMAK,MRANGGEN,MENUR,16/10/2022,Belum,33,JAWA TENGAH,3321,3321010,3321010017
204,DEMAK,MRANGGEN,MRANGGEN,16/10/2022,Belum,33,JAWA TENGAH,3321,3321010,3321010007
205,DEMAK,MRANGGEN,NGEMPLAK,16/10/2022,Belum,33,JAWA TENGAH,3321,3321010,3321010011
206,DEMAK,MRANGGEN,SUMBEREJO,16/10/2022,Belum,33,JAWA TENGAH,3321,3321010,3321010002
207,DEMAK,MRANGGEN,TEGALARUM,16/10/2022,Belum,33,JAWA TENGAH,3321,3321010,3321010015
208,DEMAK,MRANGGEN,WARU,16/10/2022,Belum,33,JAWA TENGAH,3321,3321010,3321010016
209,DEMAK,SAYUNG,BANJARSARI,16/10/2022,Belum,33,JAWA TENGAH,3321,3321040,3321040019
210,DEMAK,SAYUNG,BEDONO,16/10/2022,Belum,33,JAWA TENGAH,3321,3321040,3321040015
211,DEMAK,SAYUNG,BULUSARI,16/10/2022,Belum,33,JAWA TENGAH,3321,3321040,3321040003
212,DEMAK,SAYUNG,DOMBO,16/10/2022,Belum,33,JAWA TENGAH,3321,3321040,3321040002
213,DEMAK,SAYUNG,GEMULAK,16/10/2022,Belum,33,JAWA TENGAH,3321,3321040,3321040011
214,DEMAK,SAYUNG,JETAKSARI,16/10/2022,Belum,33,JAWA TENGAH,3321,3321040,3321040001
215,DEMAK,SAYUNG,KALISARI,16/10/2022,Belum,33,JAWA TENGAH,3321,3321040,3321040006
216,DEMAK,SAYUNG,KARANGASEM,16/10/2022,Belum,33,JAWA TENGAH,3321,3321040,3321040005
217,DEMAK,SAYUNG,LOIRENG,16/10/2022,Belum,33,JAWA TENGAH,3321,3321040,3321040010
218,DEMAK,SAYUNG,PILANGSARI,16/10/2022,Belum,33,JAWA TENGAH,3321,3321040,3321040009
219,DEMAK,SAYUNG,PRAMPELAN,16/10/2022,Belum,33,JAWA TENGAH,3321,3321040,3321040004
220,DEMAK,SAYUNG,SAYUNG,16/10/2022,Belum,33,JAWA TENGAH,3321,3321040,3321040007
221,DEMAK,SAYUNG,SIDOGEMAH,16/10/2022,Belum,33,JAWA TENGAH,3321,3321040,3321040012
222,DEMAK,SAYUNG,SIDOREJO,16/10/2022,Belum,33,JAWA TENGAH,3321,3321040,3321040018
223,DEMAK,SAYUNG,SRIWULAN,16/10/2022,Belum,33,JAWA TENGAH,3321,3321040,3321040014
224,DEMAK,SAYUNG,SURODADI,16/10/2022,Belum,33,JAWA TENGAH,3321,3321040,3321040020
225,DEMAK,SAYUNG,TAMBAKROTO,16/10/2022,Belum,33,JAWA TENGAH,3321,3321040,3321040008
226,DEMAK,SAYUNG,TIMBULSLOKO,16/10/2022,Belum,33,JAWA TENGAH,3321,3321040,3321040016
227,DEMAK,SAYUNG,TUGU,16/10/2022,Belum,33,JAWA TENGAH,3321,3321040,3321040017
228,DEMAK,WEDUNG,BABALAN,16/10/2022,Belum,33,JAWA TENGAH,3321,3321130,3321130020
229,DEMAK,WEDUNG,BERAHAN WETAN,16/10/2022,Belum,33,JAWA TENGAH,3321,3321130,3321130008
230,DEMAK,WEDUNG,BUKO,16/10/2022,Belum,33,JAWA TENGAH,3321,3321130,3321130005
231,DEMAK,WEDUNG,JETAK,16/10/2022,Belum,33,JAWA TENGAH,3321,3321130,3321130011
232,DEMAK,WEDUNG,JUNGPASIR,16/10/2022,Belum,33,JAWA TENGAH,3321,3321130,3321130013
233,DEMAK,WEDUNG,JUNGSEMI,16/10/2022,Belum,33,JAWA TENGAH,3321,3321130,3321130012
234,DEMAK,WEDUNG,KEDUNGKARANG,16/10/2022,Belum,33,JAWA TENGAH,3321,3321130,3321130018
235,DEMAK,WEDUNG,KEDUNGMUTIH,16/10/2022,Belum,33,JAWA TENGAH,3321,3321130,3321130019
236,DEMAK,WEDUNG,MANDUNG,16/10/2022,Belum,33,JAWA TENGAH,3321,3321130,3321130006
237,DEMAK,WEDUNG,MUTIH KULON,16/10/2022,Belum,,,,,
238,DEMAK,WEDUNG,RUWIT,16/10/2022,Belum,33,JAWA TENGAH,3321,3321130,3321130003
239,DEMAK,WEDUNG,TEDUNAN,16/10/2022,Belum,33,JAWA TENGAH,3321,3321130,3321130016
240,DEMAK,WEDUNG,TEMPEL,16/10/2022,Belum,33,JAWA TENGAH,3321,3321130,3321130010
241,DEMAK,WEDUNG,WEDUNG,16/10/2022,Belum,33,JAWA TENGAH,3321,3321130,3321130001
242,DEMAK,WONOSALAM,BOTOREJO,16/10/2022,Belum,33,JAWA TENGAH,3321,3321080,3321080017
243,DEMAK,WONOSALAM,BUNDERAN,16/10/2022,Belum,33,JAWA TENGAH,3321,3321080,3321080004
244,DEMAK,WONOSALAM,GETAS,16/10/2022,Belum,33,JAWA TENGAH,3321,3321080,3321080005
245,DEMAK,WONOSALAM,JOGOLOYO,16/10/2022,Belum,33,JAWA TENGAH,3321,3321080,3321080016
246,DEMAK,WONOSALAM,KALIANYAR,16/10/2022,Belum,33,JAWA TENGAH,3321,3321080,3321080003
247,DEMAK,WONOSALAM,KARANGREJO,16/10/2022,Belum,33,JAWA TENGAH,3321,3321080,3321080015
248,DEMAK,WONOSALAM,KUNCIR,16/10/2022,Belum,33,JAWA TENGAH,3321,3321080,3321080020
249,DEMAK,WONOSALAM,MOJODEMAK,16/10/2022,Belum,33,JAWA TENGAH,3321,3321080,3321080011
250,DEMAK,WONOSALAM,MRANAK,16/10/2022,Belum,33,JAWA TENGAH,3321,3321080,3321080018
251,DEMAK,WONOSALAM,MRISEN,16/10/2022,Belum,33,JAWA TENGAH,3321,3321080,3321080019
252,DEMAK,WONOSALAM,PILANGREJO,16/10/2022,Belum,33,JAWA TENGAH,3321,3321080,3321080010
253,DEMAK,WONOSALAM,SIDOMULYO,16/10/2022,Belum,33,JAWA TENGAH,3321,3321080,3321080012
254,DEMAK,WONOSALAM,TLOGODOWO,16/10/2022,Belum,33,JAWA TENGAH,3321,3321080,3321080002
255,DEMAK,WONOSALAM,TLOGOREJO,16/10/2022,Belum,33,JAWA TENGAH,3321,3321080,3321080009
256,DEMAK,WONOSALAM,TRENGGULI,16/10/2022,Belum,33,JAWA TENGAH,3321,3321080,3321080021
257,DEMAK,WONOSALAM,WONOSALAM,16/10/2022,Belum,33,JAWA TENGAH,3321,3321080,3321080014
258,JEPARA,BANGSRI,WEDELAN,14/11/2022,Belum,33,JAWA TENGAH,3320,3320100,3320100014
259,JEPARA,BATEALIT,BRINGIN,14/11/2022,Belum,33,JAWA TENGAH,3320,3320060,3320060008
260,JEPARA,BATEALIT,PEKALONGAN,14/11/2022,Belum,33,JAWA TENGAH,3320,3320060,3320060011
261,JEPARA,KALINYAMATAN,BANDUNGREJO,14/11/2022,Belum,33,JAWA TENGAH,3320,3320021,3320021002
262,JEPARA,KALINYAMATAN,MARGOYOSO,14/11/2022,Belum,33,JAWA TENGAH,3320,3320021,3320021009
263,JEPARA,KALINYAMATAN,PURWOGONDO,14/11/2022,Belum,33,JAWA TENGAH,3320,3320021,3320021007
264,JEPARA,KALINYAMATAN,SENDANG,14/11/2022,Belum,33,JAWA TENGAH,3320,3320021,3320021008
265,JEPARA,KARIMUNJAWA,KARIMUNJAWA,14/11/2022,Belum,,,,,
266,JEPARA,KARIMUNJAWA,KEMUJAN,14/11/2022,Belum,,,,,
267,JEPARA,KARIMUNJAWA,PARANG,14/11/2022,Belum,,,,,
268,JEPARA,KEDUNG,DONGOS,14/11/2022,Belum,33,JAWA TENGAH,3320,3320010,3320010013
269,JEPARA,KEDUNG,RAU,14/11/2022,Belum,33,JAWA TENGAH,3320,3320010,3320010017
270,JEPARA,KEDUNG,SUKOSONO,14/11/2022,Belum,33,JAWA TENGAH,3320,3320010,3320010018
271,JEPARA,KELING,BUMIHARJO,14/11/2022,Belum,33,JAWA TENGAH,3320,3320110,3320110019
272,JEPARA,MAYONG,MAYONG LOR,14/11/2022,Belum,33,JAWA TENGAH,3320,3320040,3320040002
273,JEPARA,MAYONG,PELEMKEREP,14/11/2022,Belum,33,JAWA TENGAH,3320,3320040,3320040008
274,JEPARA,MLONGGO,JAMBU,14/11/2022,Belum,33,JAWA TENGAH,3320,3320090,3320090013
275,JEPARA,MLONGGO,SINANGGUL,14/11/2022,Belum,33,JAWA TENGAH,3320,3320090,3320090011
276,JEPARA,PAKISAJI,TANJUNG,14/11/2022,Belum,,,,,
277,JEPARA,TAHUNAN,KRAPYAK,14/11/2022,Belum,33,JAWA TENGAH,3320,3320070,3320070013
278,JEPARA,WELAHAN,GIDANGLELO,14/11/2022,Belum,33,JAWA TENGAH,3320,3320030,3320030011
279,JEPARA,WELAHAN,GUWOSOBOKERTO,14/11/2022,Belum,33,JAWA TENGAH,3320,3320030,3320030003
280,JEPARA,WELAHAN,KALIPUCANG KULON,14/11/2022,Belum,33,JAWA TENGAH,3320,3320030,3320030010
281,JEPARA,WELAHAN,KALIPUCANG WETAN,14/11/2022,Belum,33,JAWA TENGAH,3320,3320030,3320030009
282,KARANGANYAR,COLOMANDU,BLULUKAN,Okt-22,Belum,,,,,
283,KARANGANYAR,COLOMANDU,KLODRAN,Okt-22,Belum,,,,,
284,KARANGANYAR,JATIYOSO,PETUNG,Okt-22,Belum,33,JAWA TENGAH,3313,3313020,3313020002
285,KARANGANYAR,JATIYOSO,WONOKELING,Okt-22,Belum,33,JAWA TENGAH,3313,3313020,3313020003
286,KARANGANYAR,KARANGPANDAN,HARJOSARI,Okt-22,Belum,33,JAWA TENGAH,3313,3313080,3313080011
287,KARANGANYAR,KARANGPANDAN,TOHKUNING,Okt-22,Belum,33,JAWA TENGAH,3313,3313080,3313080008
288,KARANGANYAR,MATESIH,NGADILUWIH,Okt-22,Belum,33,JAWA TENGAH,3313,3313050,3313050001
289,KARANGANYAR,MOJOGEDANG,BUNTAR,Okt-22,Belum,33,JAWA TENGAH,3313,3313150,3313150007
290,KARANGANYAR,MOJOGEDANG,KALIBOTO,Okt-22,Belum,33,JAWA TENGAH,3313,3313150,3313150006
291,KARANGANYAR,NGARGOYOSO,DUKUH,Okt-22,Belum,33,JAWA TENGAH,3313,3313070,3313070007
292,KARANGANYAR,TASIKMADU,NGIJO,Okt-22,Belum,33,JAWA TENGAH,3313,3313100,3313100003
293,KENDAL,GEMUH,GALIH,19/10/2022,Belum,33,JAWA TENGAH,3324,3324110,3324110012
294,KENDAL,GEMUH,PUCANGREJO,19/10/2022,Belum,33,JAWA TENGAH,3324,3324110,3324110028
295,KENDAL,GEMUH,SOJOMERTO,19/10/2022,Belum,33,JAWA TENGAH,3324,3324110,3324110003
296,KUDUS,DAWE,TERNADI,03/03/2022,Sudah,33,JAWA TENGAH,3319,3319090,3319090010
297,KUDUS,JATI,LORAM KULON,03/03/2022,Sudah,33,JAWA TENGAH,3319,3319030,3319030003
298,KUDUS,KOTA,KALIPUTU,03/03/2022,Sudah,,,,,
299,KUDUS,KOTA,LANGGAR DALEM,03/03/2022,Sudah,,,,,
300,KUDUS,MEJOBO,HADIWARNO,03/03/2022,Sudah,33,JAWA TENGAH,3319,3319050,3319050008
301,KUDUS,MEJOBO,MEJOBO,03/03/2022,Sudah,33,JAWA TENGAH,3319,3319050,3319050009
302,KUDUS,UNDAAN,UNDAAN LOR,03/03/2022,Sudah,33,JAWA TENGAH,3319,3319040,3319040012
303,PEMALANG,AMPELGADING,JATIREJO,09/10/2022,Belum,33,JAWA TENGAH,3327,3327110,3327110014
304,PEMALANG,AMPELGADING,UJUNGGEDE,09/10/2022,Belum,33,JAWA TENGAH,3327,3327110,3327110013
305,PEMALANG,BELIK,BELUK,09/10/2022,Belum,33,JAWA TENGAH,3327,3327030,3327030009
306,PEMALANG,BODEH,KELANGDEPOK,09/10/2022,Belum,33,JAWA TENGAH,3327,3327050,3327050018
307,PEMALANG,PETARUKAN,PEGUNDAN,09/10/2022,Belum,33,JAWA TENGAH,3327,3327100,3327100013
308,PEMALANG,PULOSARI,KARANGSARI,09/10/2022,Belum,33,JAWA TENGAH,3327,3327020,3327020007
309,PEMALANG,RANDUDONGKAL,BANJARANYAR,09/10/2022,Belum,33,JAWA TENGAH,3327,3327070,3327070005
310,PEMALANG,TAMAN,JEBED UTARA,09/10/2022,Belum,33,JAWA TENGAH,3327,3327090,3327090008
311,PEMALANG,ULUJAMI,KERTOSARI,09/10/2022,Belum,33,JAWA TENGAH,3327,3327130,3327130011
312,PEMALANG,WARUNGPRING,WARUNGPRING,09/10/2022,Belum,33,JAWA TENGAH,3327,3327011,3327011002
313,PEMALANG,WATUKUMPUL,BODAS,09/10/2022,Belum,33,JAWA TENGAH,3327,3327040,3327040008
314,REMBANG,BULU,MANTINGAN,16/06/2022,Sudah,33,JAWA TENGAH,3317,3317020,3317020015
315,REMBANG,GUNEM,GUNEM,16/06/2022,Sudah,33,JAWA TENGAH,3317,3317030,3317030008
316,REMBANG,GUNEM,KAJAR,16/06/2022,Sudah,33,JAWA TENGAH,3317,3317030,3317030001
317,REMBANG,GUNEM,KULUTAN,16/06/2022,Sudah,33,JAWA TENGAH,3317,3317030,3317030009
318,REMBANG,KALIORI,BABADAN,16/06/2022,Sudah,33,JAWA TENGAH,3317,3317090,3317090010
319,REMBANG,KALIORI,BANGGI,16/06/2022,Sudah,33,JAWA TENGAH,3317,3317090,3317090005
320,REMBANG,KALIORI,KUANGSAN,16/06/2022,Sudah,33,JAWA TENGAH,3317,3317090,3317090006
321,REMBANG,KALIORI,MOJOWARNO,16/06/2022,Sudah,33,JAWA TENGAH,3317,3317090,3317090016
322,REMBANG,KALIORI,SAMBIYAN,16/06/2022,Sudah,33,JAWA TENGAH,3317,3317090,3317090012
323,REMBANG,KRAGAN,KARANGANYAR,16/06/2022,Sudah,33,JAWA TENGAH,3317,3317120,3317120009
324,REMBANG,KRAGAN,NARUKAN,16/06/2022,Sudah,33,JAWA TENGAH,3317,3317120,3317120015
325,REMBANG,KRAGAN,PANDANGAN KULON,16/06/2022,Sudah,33,JAWA TENGAH,3317,3317120,3317120025
326,REMBANG,KRAGAN,PANDANGAN WETAN,16/06/2022,Sudah,33,JAWA TENGAH,3317,3317120,3317120024
327,REMBANG,KRAGAN,SUMBERGAYAM,16/06/2022,Sudah,33,JAWA TENGAH,3317,3317120,3317120023
328,REMBANG,KRAGAN,TANJUNGSARI,16/06/2022,Sudah,33,JAWA TENGAH,3317,3317120,3317120001
329,REMBANG,KRAGAN,TERJAN,16/06/2022,Sudah,33,JAWA TENGAH,3317,3317120,3317120017
330,REMBANG,LASEM,SENDANGCOYO,16/06/2022,Sudah,33,JAWA TENGAH,3317,3317140,3317140012
331,REMBANG,LASEM,GOWAK,16/06/2022,Sudah,33,JAWA TENGAH,3317,3317140,3317140015
332,REMBANG,PAMOTAN,BANGUNREJO,16/06/2022,Sudah,33,JAWA TENGAH,3317,3317070,3317070007
333,REMBANG,PAMOTAN,MLAGEN,16/06/2022,Sudah,33,JAWA TENGAH,3317,3317070,3317070012
334,REMBANG,PAMOTAN,SIDOREJO,16/06/2022,Sudah,33,JAWA TENGAH,3317,3317070,3317070009
335,REMBANG,PAMOTAN,SUMBANGREJO,16/06/2022,Sudah,33,JAWA TENGAH,3317,3317070,3317070019
336,REMBANG,PAMOTAN,TULUNG,16/06/2022,Sudah,33,JAWA TENGAH,3317,3317070,3317070021
337,REMBANG,PANCUR,KARASKEPOH,16/06/2022,Sudah,33,JAWA TENGAH,3317,3317110,3317110004
338,REMBANG,PANCUR,NGULANGAN,16/06/2022,Sudah,33,JAWA TENGAH,3317,3317110,3317110019
339,REMBANG,REMBANG,GEDANGAN,16/06/2022,Sudah,33,JAWA TENGAH,3317,3317100,3317100011
340,REMBANG,REMBANG,TRITUNGGAL,16/06/2022,Sudah,33,JAWA TENGAH,3317,3317100,3317100009
341,REMBANG,REMBANG,WARU,16/06/2022,Sudah,33,JAWA TENGAH,3317,3317100,3317100018
342,REMBANG,SALE,BANCANG,16/06/2022,Sudah,33,JAWA TENGAH,3317,3317040,3317040004
343,REMBANG,SEDAN,DADAPAN,16/06/2022,Sudah,33,JAWA TENGAH,3317,3317060,3317060016
344,REMBANG,SALE,JINANTEN,16/06/2022,Sudah,33,JAWA TENGAH,3317,3317040,3317040007
345,REMBANG,SALE,MRAYUN,16/06/2022,Sudah,33,JAWA TENGAH,3317,3317040,3317040003
346,REMBANG,SEDAN,PACING,16/06/2022,Sudah,33,JAWA TENGAH,3317,3317060,3317060002
347,REMBANG,SEDAN,SIDOMULYO,16/06/2022,Sudah,33,JAWA TENGAH,3317,3317060,3317060010
348,REMBANG,SEDAN,SIDOREJO,16/06/2022,Sudah,33,JAWA TENGAH,3317,3317060,3317060009
349,REMBANG,SARANG,BABAKTULUNG,16/06/2022,Sudah,33,JAWA TENGAH,3317,3317050,3317050007
350,REMBANG,SARANG,DADAPMULYO,16/06/2022,Sudah,33,JAWA TENGAH,3317,3317050,3317050016
351,REMBANG,SARANG,GILIS,16/06/2022,Sudah,33,JAWA TENGAH,3317,3317050,3317050011
352,REMBANG,SLUKE,SLUKE,16/06/2022,Sudah,33,JAWA TENGAH,3317,3317130,3317130010
353,REMBANG,SULANG,PEDAK,16/06/2022,Sudah,33,JAWA TENGAH,3317,3317080,3317080019
354,REMBANG,SUMBER,KRIKILAN,16/06/2022,Sudah,33,JAWA TENGAH,3317,3317010,3317010005
355,REMBANG,SUMBER,LOGEDE,16/06/2022,Sudah,33,JAWA TENGAH,3317,3317010,3317010002
356,TEMANGGUNG,BANSARI,BANSARI,30/06/2022,Sudah,33,JAWA TENGAH,3323,3323012,3323012007
357,TEMANGGUNG,BANSARI,GUNUNGSARI,14/03/2022,Pilkades Antarwaktu,33,JAWA TENGAH,3323,3323012,3323012013
358,TEMANGGUNG,BANSARI,REJOSARI,30/06/2022,Sudah,33,JAWA TENGAH,3323,3323012,3323012011
359,TEMANGGUNG,BEJEN,PRANGKOKAN,23/03/2022,Pilkades Antarwaktu,33,JAWA TENGAH,3323,3323121,3323121003
360,TEMANGGUNG,BEJEN,TANJUNGSARI,30/06/2022,Sudah,33,JAWA TENGAH,3323,3323121,3323121012
361,TEMANGGUNG,KEDU,MOJOTENGAH,30/06/2022,Sudah,33,JAWA TENGAH,3323,3323090,3323090005
362,TEMANGGUNG,KLEDUNG,KLEDUNG,30/06/2022,Sudah,33,JAWA TENGAH,3323,3323011,3323011002
363,TEMANGGUNG,KLEDUNG,TLAHAB,30/06/2022,Sudah,33,JAWA TENGAH,3323,3323011,3323011007
364,TEMANGGUNG,KLEDUNG,CANGGAL,30/06/2022,Sudah,33,JAWA TENGAH,3323,3323011,3323011004
365,TEMANGGUNG,KRANGGAN,KEMLOKO,17/03/2022,Pilkades Antarwaktu,33,JAWA TENGAH,3323,3323050,3323050012
366,TEMANGGUNG,NGADIREJO,TEGALREJO,24/03/2022,Pilkades Antarwaktu,33,JAWA TENGAH,3323,3323100,3323100020
367,TEMANGGUNG,PARAKAN,PARAKAN,30/06/2022,Sudah,,,,,
368,TEMANGGUNG,PRINGSURAT,TLOGOMULYO,30/06/2022,Sudah,,,,,
369,TEMANGGUNG,PRINGSURAT,SOBOREJO,30/06/2022,Sudah,33,JAWA TENGAH,3323,3323060,3323060013
370,TEMANGGUNG,SELOPAMPANG,BAGUSAN,30/06/2022,Sudah,33,JAWA TENGAH,3323,3323041,3323041010
371,TEMANGGUNG,TEMBARAK,TAWANGSARI,30/06/2022,Sudah,33,JAWA TENGAH,3323,3323040,3323040018
372,TEMANGGUNG,TLOGOMULYO,PAGERSARI,30/06/2022,Sudah,33,JAWA TENGAH,3323,3323031,3323031001
373,TEMANGGUNG,TRETEP,NGLARANGAN,30/03/2022,Pilkades Antarwaktu,33,JAWA TENGAH,3323,3323130,3323130011
374,SRAGEN,MASARAN,JIRAPAN,,Belum,33,JAWA TENGAH,3314,3314030,3314030005
375,SRAGEN,MASARAN,PILANG,,Belum,33,JAWA TENGAH,3314,3314030,3314030011
376,SRAGEN,KALIJAMBE,KEDEN,,Belum,33,JAWA TENGAH,3314,3314010,3314010001
377,SRAGEN,PLUPUH,SIDOKERTO,,Belum,33,JAWA TENGAH,3314,3314020,3314020002
378,SRAGEN,PLUPUH,GEDONGAN,,Belum,33,JAWA TENGAH,3314,3314020,3314020006
379,SRAGEN,GEMOLONG,KALANGAN,,Belum,33,JAWA TENGAH,3314,3314130,3314130013
380,SRAGEN,TANON,GABUGAN,,Belum,33,JAWA TENGAH,3314,3314120,3314120007
381,SRAGEN,SAMBIREJO,SAMBIREJO,,Belum,33,JAWA TENGAH,3314,3314050,3314050008
382,SRAGEN,GESI,GESI,,Belum,33,JAWA TENGAH,3314,3314180,3314180004
383,SRAGEN,SIDOHARJO,PURWOSUMAN,,Belum,33,JAWA TENGAH,3314,3314110,3314110002
384,SRAGEN,SAMBUNGMACAN,BANYURIP,,Belum,33,JAWA TENGAH,3314,3314070,3314070003
385,SRAGEN,SAMBUNGMACAN,PLUMBON,,Belum,33,JAWA TENGAH,3314,3314070,3314070008
386,SRAGEN,TANGEN,DENANYAR,,Belum,33,JAWA TENGAH,3314,3314190,3314190007
387,SRAGEN,MONDOKAN,SUMBEREJO,,Belum,33,JAWA TENGAH,3314,3314160,3314160009
388,SRAGEN,JENAR,DAWUNG,,Belum,33,JAWA TENGAH,3314,3314200,3314200004
389,SRAGEN,SIDOHARJO,JAMBANAN,,Belum,33,JAWA TENGAH,3314,3314110,3314110008
390,SRAGEN,KEDAWUNG,KARANGPELEM,,Belum,33,JAWA TENGAH,3314,3314040,3314040001
391,SRAGEN,GONDANG,PLOSOREJO,,Belum,33,JAWA TENGAH,3314,3314060,3314060006
392,SRAGEN,MIRI,GILIREJO BARU,,Belum,33,JAWA TENGAH,3314,3314140,3314140010
393,SRAGEN,KALIJAMBE,TEGALOMBO,20/07/2022,Pilkades Antarwaktu,33,JAWA TENGAH,3314,3314010,3314010014
394,SRAGEN,PLUPUH,GENTANBANARAN,20/07/2022,Pilkades Antarwaktu,33,JAWA TENGAH,3314,3314020,3314020013
395,SRAGEN,MIRI,GIRIMARGO,20/07/2022,Pilkades Antarwaktu,33,JAWA TENGAH,3314,3314140,3314140004
396,SRAGEN,KEDAWUNG,JENGGRIK,20/07/2022,Pilkades Antarwaktu,33,JAWA TENGAH,3314,3314040,3314040003
397,SRAGEN,GONDANG,GLONGGONG,20/07/2022,Pilkades Antarwaktu,33,JAWA TENGAH,3314,3314060,3314060004
398,SRAGEN,SIDOHARJO,SINGOPADU,20/07/2022,Pilkades Antarwaktu,33,JAWA TENGAH,3314,3314110,3314110007
